"1","10th doctor celebrate christmas classic tshirts"
"2","d26 need christmas present idea check collection watch currently"
"3","simple christmas ornament kid make gift curiosity"
"4","pretty sure died went heaven tonight"
"5","early dad liked gift much laughing hard hold"
"6","baby first really like htt"
"7","telling people think telling people yet geez better get editing"
"8","need fast cash hour loan usa"
"9","already fast approaching people booking hotel vacation check"
"10","need fast cash cash loan max"
"11","end kid boredom christmas craft kid"
"12","need fast cash quick loan get"
"13","getting ready mail many card woo hoo"
"14","pastel wreath gently play exquisite idea"
"15","away manger christmas holiday table frame whitemtnwooddesigns via"
"16","need fast cash quick payday"
"17","need fast cash wow payday loan"
"18","grt idea support non monetary thru amazonca search alzheimer societ"
"19","10th doctor celebrate christmas unisex tank top"
"20","enter win wish list amp 250 shopping spree"
"21","little tree straight chilling need decorationsa star emily home lil tree"
"22","time year get confusing hard know gon diamond viagra"
"23","around christmas tree combined artist book tole painting book"
"24","lleg lumarimpresi listones personalizados pedidos"
"25","molasses cheesecake bar loaded sprinkle"
"26","outdoor decoration make whole yard shine"
"27","featuring doug fresh amp doug pug"
"28","annnnd done shopping god bless"
"29","saw star rejoiced exceedingly great joy matthew 210"
"30","island misfit toy clip cowboy ostrich"
"31","looking perfect pressie got covered"
"32","instead advent calendar enjoy advent storybook tale night till christmas"
"33","elegant claus tacky ugly dress"
"34","watcha monday night making beer pickle class coming"
"35","competition follow amp chance end 2nd"
"36","hard work giving playground muchneeded tlc time rest park incl bbqs"
"37","think ever way long one american cry street"
"38","little toot thames unique via"
"39","may around corner take moment appreciate ornament"
"40","last chance order pair ruby slipper order"
"41","shop handmade dog jewelry unique"
"42","molasses cheesecake bar loaded sprinkle"
"43","gift bornbewild guitarpick pendant freeship"
"44","thru 1129 ashton fall mystery meet romance"
